{
    "IMAGEM": [
        [
            1093,
            654
        ],
        [
            1587,
            722
        ],
        [
            493,
            751
        ],
        [
            1089,
            664
        ],
        [
            976,
            620
        ],
        [
            1328,
            684
        ],
        [
            481,
            592
        ],
        [
            1085,
            678
        ],
        [
            940,
            683
        ],
        [
            1001,
            603
        ]
    ],
    "RADAR": [
        [
            0.43333181738853455,
            8.93333911895752
        ],
        [
            4.0,
            6.100006103515625
        ],
        [
            -2.7000045776367188,
            3.600006103515625
        ],
        [
            0.4499969482421875,
            6.20001220703125
        ],
        [
            -0.6500034332275391,
            8.850013732910156
        ],
        [
            2.0333328247070312,
            5.399993896484375
        ],
        [
            -5.900001525878906,
            9.300003051757812
        ],
        [
            0.03333282470703125,
            4.800018310546875
        ],
        [
            -0.7500038146972656,
            4.800018310546875
        ],
        [
            -0.6000022888183594,
            9.600006103515625
        ]
    ]
}