{
	"Intrinsic": [[6221.92422097575, 0.0, 907.0708040584582], [0.0, 7620.661949881767, 120.96692648284439], [0.0, 0.0, 1.0]],
	"Distortion": [[-8.201663966549852, 93.00752542264131, 0.22430706498995545, 0.03268512101141362, -607.527225839154]],
	"Extrinsic": [  [     395.36,   315.52, 893.36],
                    [    -27.046,   176.36, 892.94],
                    [  -0.074101,  0.35213,      1]],
	"ret": 0.9695857638459453
}