{
	"Intrinsic": [[3061.3860022228905, 0.0, 957.6868717220904], [0.0, 2805.0205708990143, 68.00482373580357], [0.0, 0.0, 1.0]],
	"Distortion": [[-1.3920991580788042, -0.9289842795841526, 0.19225722676601342, -0.0058447191109861915, 3.7558345912641578]],
	"Transformation": [[2066.606029116205, 0.0, 924.2371478635688], [0.0, 26.162831797525502, 2.624743593894102], [0.0, 0.0, 1.0]],
	"ret": 0.7861486208232796
}