{
    "IMAGEM": [
        [
            494,
            631
        ],
        [
            1038,
            604
        ],
        [
            485,
            533
        ],
        [
            1031,
            606
        ],
        [
            867,
            593
        ],
        [
            932,
            544
        ]
    ],
    "RADAR": [
        [
            -2.7000045776367188,
            3.600006103515625
        ],
        [
            0.4499969482421875,
            6.20001220703125
        ],
        [
            -5.900001525878906,
            9.300003051757812
        ],
        [
            0.03333282470703125,
            4.800018310546875
        ],
        [
            -0.7500038146972656,
            4.800018310546875
        ],
        [
            -0.6000022888183594,
            9.600006103515625
        ]
    ]
}