{
	"Intrinsic": [[6221.92422097575, 0.0, 907.0708040584582], [0.0, 7620.661949881767, 120.96692648284439], [0.0, 0.0, 1.0]],
	"Distortion": [[-8.201663966549852, 93.00752542264131, 0.22430706498995545, 0.03268512101141362, -607.527225839154]],
	"Transformation": [[4747.266946253815, 0.0, 912.5203458234778], [0.0, 107.8911093417363, 3.707790917868587], [0.0, 0.0, 1.0]],
	"ret": 0.9695857638459453
}