{
	"Intrinsic": [[8637.15570368054, 0.0, 959.6972685647647], [0.0, 8917.656068073255, 41.1331559275065], [0.0, 0.0, 1.0]],
	"Distortion": [[-12.425032255330638, 215.97499667479502, 0.49777625308338985, -0.0698236791160444, -4817.249435019843]],
	"Transformation": [[6617.880684134473, 0.0, 887.1569228264314], [0.0, 110.2774215353915, 2.4872597910793015], [0.0, 0.0, 1.0]],
	"ret": 1.0124130458953309
}